operating_hours,temperature,humidity,time_since_last_maintenance,failure
7770,47.1463709679616,60.09407948181611,141,0
1360,28.451421222787992,59.12113291036232,173,1
5890,30.5832191903734,67.4036589714766,10,0
5691,49.902066364368785,70.58848940450687,228,0
6234,45.13552697027288,62.823930366575134,265,0
6765,74.890754064086,36.40478731831,248,0
966,41.74363394699799,46.91337529972492,247,0
4926,54.83530101668261,76.40418201630249,155,0
6078,57.93585727517182,41.230780592192595,34,0
8822,20.785667395300017,48.60835119187567,129,0
2185,59.812242321002635,51.6038441472098,160,0
1269,30.682158012185084,51.97024948472261,89,0
7449,77.66421904816731,60.64697912472627,93,0
2933,28.919763665186778,77.15379188723537,327,0
5811,44.87744742362142,42.034635591625246,241,0
5551,25.12098008471863,36.0750688150459,323,0
6920,79.81245511075684,39.873524492996864,117,0
1684,50.13170061987455,74.34624501046348,94,0
5055,55.723101039202625,62.2905406327603,163,0
3885,24.02458864330565,44.29533946195801,99,0
6896,64.99762822395067,70.79734694843086,113,0
9166,32.594335585735145,73.0684998181718,359,0
9774,73.88325736644282,72.3257169345139,91,0
3058,32.308378428920435,75.94632668197772,346,0
8349,31.441263239819996,42.612051008668075,206,0
2547,22.192980070885692,67.75209643731392,17,0
3247,48.324016706599956,53.026974863707,274,1
9667,53.890467995756985,72.09992764450308,173,0
689,23.94251836570114,66.42453385808065,116,0
3234,66.53165700170064,68.82237232498623,349,0
3505,47.197330084881656,62.808091884053574,181,1
5158,51.4634161596548,38.87143847348534,91,1
2399,46.44576481629369,57.25134594484692,82,0
8234,44.04578365251956,79.23348697622541,324,0
1767,53.57841987849307,76.86940332485594,114,0
2028,29.31441475584275,32.158686789850584,257,0
4056,30.91568782971627,38.24074078647186,58,0
4390,71.70713726081104,36.58643867272809,154,0
9338,76.76692772801796,66.29899549926478,116,0
5893,42.398558976785175,70.88926649284726,343,0
9292,36.244680388613226,40.675568315533596,266,1
8933,58.639972594340946,55.29263464759145,315,0
8013,44.52405026588578,72.03515140056,203,0
3112,21.52318133962069,66.64007723831253,41,0
7541,29.36915584197142,57.111860274592416,105,0
6735,62.958333730843854,59.51738452293864,193,0
5986,59.53543651460908,55.418027345814,278,0
7599,21.62575955020901,44.87742256594103,354,1
1275,33.318329715976965,58.251099642950805,237,0
8726,33.86448779528428,64.44426510250453,221,0
3652,60.3135646159237,73.66614579304039,68,0
2085,21.182632265261848,61.814567698962406,197,0
4443,26.24651491907443,68.0560768521579,256,0
8055,67.99496512239136,38.003581747728646,139,0
3573,30.712679723260017,53.077873720989494,312,0
1521,59.16476647111248,30.466580991354665,149,0
4343,34.29096686280359,42.33394322608115,99,0
8489,25.966483565560708,66.32308575565024,76,0
7373,34.590331459967246,79.59049756746816,282,0
6175,63.33601591133955,34.958904979360796,109,0
661,71.34178808637714,50.074715793064414,188,0
4797,69.8131918740195,70.00354843495798,199,0
1495,43.83101177710729,40.20178173144494,303,0
8129,60.08510819423877,57.75424746511431,327,0
9967,32.29905772494926,66.65356480148374,154,0
1516,37.588863815660794,60.79927251300895,40,1
8369,73.78014911126718,39.401236730770805,133,1
6939,20.78011541064416,47.76922843428697,132,0
8392,25.130511851268086,69.18958922426987,279,0
7363,32.47317530876164,57.71132570660083,362,0
8416,21.591932232429183,30.261480677145638,84,0
9029,30.886126105387838,68.0495380014047,242,0
1378,54.98249365818153,31.765567747011954,116,0
9768,45.28547303554988,67.2866891365616,109,0
5387,73.56030266461849,40.124028008261874,221,0
5359,69.04661370430645,77.90367400596901,41,0
6831,40.509041101872555,48.39703756510423,147,0
9071,35.56540600587755,46.34658081690395,112,0
9184,42.78154449003601,37.44440251662223,103,0
7708,55.417696550888465,45.28021077451074,46,0
5776,36.08381844937257,73.83253809141003,324,1
2562,57.44893447094804,79.81671688136237,271,0
564,44.56469913147443,48.41547652534241,195,0
8506,53.12283085111881,52.43053154772713,280,0
3068,46.167591748119,66.10354691013686,283,1
5963,37.66794557251506,74.30978902325373,40,0
2527,76.9071984177294,59.65221670933921,189,0
3195,65.81634764958565,49.576284908891466,164,0
5758,28.406790545987153,50.63109204243119,24,0
6118,72.10807855387478,64.78090732484034,24,0
7236,49.24587189497082,30.160913180213935,4,0
891,73.67313361364549,60.979466872992035,323,0
6392,67.99131535683891,47.77465052206787,290,0
4061,45.512810268154006,69.7098665638542,181,1
6684,21.348158499207045,34.64953199115661,248,0
3599,36.12064156309677,59.410113347419525,116,0
6778,52.498052879652015,54.04864449430619,279,0
8892,58.00869318956884,62.11627629526137,69,0
3604,35.47326112599214,33.24267972414842,351,1
7715,28.36136444436945,58.999189371406565,254,0
2954,70.09581420795794,58.07422939797618,181,0
9496,79.06413084221313,58.03300472080855,318,0
3231,51.54141093816115,60.17438332982274,169,0
8654,30.30075715089821,63.82339686131811,313,0
5556,36.338439591162135,70.24944998403848,249,0
8610,21.103440592848003,43.49103600641072,188,0
4340,74.85792839362995,71.2524705090031,54,1
1528,27.065064973408468,54.91278411317268,326,0
7885,54.59098853085521,33.852913956716556,357,0
1002,36.44331324123236,32.92754646219896,313,0
7410,53.2506801509476,46.711915934803045,138,0
9562,59.08522330111185,69.24484885557338,168,0
7438,69.7845082224321,65.3840467370458,103,0
4988,32.3852763056362,69.43074823362032,85,0
706,20.659749719508827,55.86345282208047,317,0
5634,28.213137804128436,52.00994989777453,212,0
6477,74.0011185108863,37.372626335314195,3,1
8221,72.43340465375091,46.40963768046558,179,0
7535,55.844786130218495,51.70096830869376,342,0
1984,56.0310116260192,34.43002148398086,303,0
8358,59.90220047277533,41.03059763556056,332,0
1363,30.522276717406974,59.911264703186944,38,0
3290,74.8647167554976,66.7831557119595,239,0
7908,45.12623149352439,79.91737556964748,169,0
9255,42.98831169496985,76.65566656717789,343,0
5616,51.13506231697025,62.12825997675958,314,0
6519,22.817958006503304,51.0624026647036,306,0
2257,29.977002125364763,61.80886823541164,30,0
8074,64.28201698558223,69.2825809040116,190,0
6874,24.96792007550759,35.91680954616937,357,0
7392,56.189126567983294,50.495244484814414,25,0
2178,34.72094658087926,71.99011428178086,112,0
3742,43.35773684251859,49.1916475966522,206,0
5136,37.32162420624199,58.59361356135933,185,0
1559,41.34036298789695,59.38846804310991,47,0
7168,63.14275431105473,39.22381265668197,228,0
3657,37.8273029373905,48.11177208261442,39,0
6415,53.98427841781383,46.72556443709661,16,0
3193,48.56302413194598,31.30983542660324,22,0
4127,59.820269921758886,31.20958819456776,213,0
5950,76.20978435948548,71.58485218378868,310,0
2163,63.95432583261502,43.65354049864062,149,0
6092,32.896422715445404,55.90393831194077,241,0
7892,21.87098810367708,44.93627867943865,272,1
1806,35.73584265798951,77.03396225576702,59,0
7276,55.70467584201529,42.964837943288686,287,0
6364,23.08554880905502,51.482840636946754,202,0
9974,49.781974832074184,73.63651252423008,32,0
8026,55.81057093501335,72.09667833959043,162,0
9401,40.05463344901765,39.305070892313864,255,0
6075,66.25473222474932,70.13216548978552,254,0
6030,26.39589518802631,52.909344336894634,9,0
4913,24.508266904148527,54.14844360426776,139,0
4248,63.6913253722162,36.67399862079719,10,1
1163,49.72947897237191,34.03007568785623,214,0
2498,61.30414378566416,66.39696534868827,273,1
8494,46.089640316224774,54.82305761776499,324,0
1995,34.78412199434641,51.842535130758975,48,0
3804,69.14613906045199,66.47541143261984,111,0
4263,67.96495273813875,68.27564494955548,153,0
5732,61.68178825126561,37.94540838346768,123,0
2353,36.32870823379776,60.51125747388207,357,1
7085,55.41384001214523,36.76770411388428,102,1
1791,41.65843381640161,67.56875430145229,241,0
4081,25.494924399598048,62.84775781335698,321,0
8054,75.03881452773456,77.8307310541729,191,0
7780,28.209117855137684,33.44790081782106,217,1
2136,77.01424122924814,32.852736057562716,51,0
4196,46.76034637747735,44.109353734660004,292,0
1198,31.10797573031718,43.0852841867953,81,0
5237,52.514056842701486,42.348939953599995,88,0
1354,72.37675015258449,75.31272902605184,194,1
8664,63.93349318457367,42.477309992475305,104,0
6355,68.39366887168698,43.59748630643155,271,0
7892,59.527002002643044,67.96991312089818,96,0
7028,61.53659387107115,52.486992122527,198,0
5749,70.95173909391916,68.83552784775907,1,0
5672,34.98008053155115,33.26830787821926,167,0
2207,49.36549781858843,54.378559683669216,126,0
6291,33.27256650917613,31.68068000916413,313,1
6035,79.26008047979883,33.13266017276773,81,0
5431,76.64356038119679,75.32187266722055,251,0
4010,22.365608682110356,36.96226855587976,169,1
702,62.33451035094131,56.62103411376086,73,0
4718,75.51489904493995,50.554780130035326,141,0
9458,30.83452070764001,47.36716631294213,70,0
4889,54.07671383315777,74.99166728436361,262,0
2827,74.92929785528251,31.091169838774476,340,0
8504,22.03675871514793,63.189484308779456,308,1
3431,61.84521603481039,78.16972171067752,245,0
8277,37.840940442353045,58.0084091730921,3,0
697,75.46377172259182,76.84112310165459,337,0
7625,78.26349470992207,32.612893964301186,63,0
2430,76.65598934680604,50.93966595370807,49,0
6787,48.45285299944783,43.007889548102554,76,0
9300,71.72255905935882,66.54104824903649,175,0
9839,70.67296391210422,79.06485452486234,109,0
4782,39.146028394595334,42.82650312221239,183,1
3011,69.73492844904064,62.70873007370373,192,0
1159,22.220458082929557,39.904881637987,65,0
3311,55.77619270892318,58.266512728580494,337,0
7598,33.80053023726218,53.19662433441681,271,0
7046,27.234013146636727,78.60026648157685,100,0
2486,24.61719209775255,60.42636363482333,32,0
8838,61.777326552688386,47.47531860434094,352,0
3411,40.39249782608397,35.704789244396665,128,0
2234,63.48600629172569,37.56234143674673,339,1
2343,23.921380447936542,41.26584649756175,43,1
9180,38.91742026983662,42.5483330670149,78,1
3476,52.36947754252023,72.5308028920569,314,0
2459,67.44338989033781,58.061139414126245,289,0
6259,39.12515017592419,56.16954556871832,270,0
7194,57.55348258622055,35.73844359346087,162,0
2885,73.15866489417124,73.00698466747176,189,0
5236,56.951791290938274,66.14071516042418,247,0
2302,33.97756848521803,33.38341809500008,216,0
8655,21.464046893392283,65.39175486148844,315,0
8620,72.2059324340558,57.17691086713231,339,0
7116,21.27616465102323,34.08626728733891,168,0
6034,72.48210036105196,52.91503207643282,339,0
4561,51.73622804163272,54.23481435650235,193,0
762,76.34406191077377,38.28872700816379,283,0
6787,67.92699414641993,77.28490735001412,336,0
9315,79.87604663200025,72.4987685740331,13,0
9708,41.04270892710261,63.451116866455415,240,0
2549,66.0312973358676,53.11477805003036,320,0
5923,44.11585481655453,50.58827707922542,147,0
5048,48.79253721823453,62.548673357547706,204,0
3608,57.65032779310221,57.27159347034527,80,1
7658,72.42062685118032,33.11365529409428,43,0
7900,79.04500815195772,55.62513243851659,89,0
3670,66.0964048318711,70.32018086164197,148,0
2755,45.066006930040025,52.9619938798479,95,1
1654,45.281420136624206,32.59782887771342,151,0
4999,64.25493809533349,69.31390996920166,2,0
6795,34.32662874609814,40.06818910679872,22,0
6697,26.62844678788368,42.93104174440194,313,1
2148,41.27732945844659,38.235317671614794,328,0
6039,37.2343394992449,46.51075324357488,7,0
4699,37.778487227359406,67.83757528443175,206,0
8945,34.0164650629946,55.969292975196865,114,0
3057,22.525591378181712,40.24406370753563,272,0
6092,21.072436084004828,73.89150390760204,83,0
598,79.26334338416189,73.97909274757646,179,0
2700,45.66638802415174,73.52892125230034,210,0
3461,43.0595988295809,41.93981056907697,328,0
5473,60.77883696158419,52.561967209049406,124,1
4933,33.09523327190385,79.24948280704376,113,0
3369,76.99767103701352,68.60062381549952,12,0
1456,67.18070086493313,31.358371061277992,126,0
8852,25.364660138735573,33.2602295630246,53,0
6199,45.0548465470957,53.196568840616635,331,0
7444,72.74709845372988,75.461010293078,283,0
4993,76.68392133748462,56.93508989763571,140,0
9992,48.044090674992184,54.890625401714516,97,0
5411,56.80468335264246,35.27368499783153,5,0
4487,30.02203676552451,62.8390052362147,57,0
6515,79.4701175682186,71.10515803001127,334,0
1718,33.90030208300661,49.021000375378115,69,1
4996,76.56390644810753,68.78059254626638,118,0
5235,58.97879893954211,78.22383269504058,59,1
5055,56.46420769273155,40.188322956384454,33,0
9646,50.76131066099052,56.166481559737065,318,1
8550,33.84018870306552,44.356897904228774,50,0
3946,30.591681920330494,69.64272095169197,19,0
1545,33.22917254421052,58.87966829405788,214,0
7393,31.18629572865527,61.729120877515186,197,0
2193,66.7750684140052,69.8957079807947,47,0
3936,41.0075155500038,49.79852363312274,167,0
9254,23.470560593803782,75.75450342035217,289,0
6395,78.14615780844868,56.651443362307,141,0
3854,73.02715309780554,37.8977411417674,84,0
725,75.66513699171279,64.79495590844013,182,0
5393,79.69446935878611,69.66306752191272,79,0
7522,30.433714953169236,45.83808385337633,215,0
9651,43.77452113415953,72.85896284993765,14,0
6100,65.49430854224548,75.30716273828833,215,0
8496,61.761237083227535,43.84522436889045,128,0
9507,29.233754380391304,79.1760736357611,310,0
8183,68.94998749943707,37.03557640243792,248,0
5142,33.46643431019964,40.1007834201245,29,0
8179,33.42905688935738,39.21124196190131,280,0
8708,52.218465373604815,74.69948550039352,338,0
7839,55.576396090502186,62.714627616248094,319,0
9935,54.80517247026867,37.60521416111364,202,0
2705,25.489210243865294,52.016170918417444,361,0
1569,72.64765175782281,60.7649012534901,57,0
3944,35.93600255532236,34.173204249469165,218,0
1560,27.77089527696825,74.12081842036693,62,0
2827,73.32488479213863,70.18017677207675,157,0
3920,77.3390898937852,55.260338678831914,202,0
801,71.72765703592704,78.35633076295852,17,0
1106,68.57096448349269,50.88804896375498,322,0
3670,59.3145188383413,79.20551595182489,6,1
1199,53.05144223654836,63.395999940181355,58,0
5588,25.21920559468461,61.73356366269707,325,1
9831,44.50719278424192,38.29774476478925,318,0
690,42.36131102073884,74.0963879152322,169,0
1480,35.585227025619574,51.37448439603076,82,0
3475,63.4052068213151,38.111670289123964,219,0
6602,49.75254410472625,30.63037599878795,177,0
1684,24.862772954458876,57.987784181919125,204,0
3827,33.21099211698868,56.36998110613382,71,0
3894,60.995525819575754,65.96768111845793,266,1
8819,24.56785156941801,74.51290265089011,98,0
2316,71.07241484292612,33.97032923215148,345,0
6354,49.70879162083846,66.57482451701811,291,0
7209,48.83519463959888,39.37059720487911,208,0
1069,55.544467079571056,72.9088526578582,2,0
5942,69.48085795550895,70.95317569308281,124,0
2395,40.86855247413158,57.03968774927722,280,1
3233,60.68096915354381,65.51213993116558,74,0
4363,53.94391783974746,45.717505659187424,166,0
7955,36.02169621016528,53.55839494664073,22,0
4514,72.71779918130949,71.08184488552358,154,0
2186,67.8455612964157,52.96325985866069,295,0
3509,59.50711007950553,47.88991326627209,219,0
8306,71.03490374565452,54.710622362515,157,0
654,72.03765205758813,71.41246262186093,230,0
1909,62.501778602902085,46.76040236854364,20,0
1284,70.22079970182033,38.68807965678719,41,0
8596,61.848287700157016,65.60070101653903,148,0
8060,60.80844630561803,71.2989106354041,108,0
7843,57.116682692911056,35.031873926176665,84,0
7706,65.16299837345846,41.993705637797234,322,0
6096,29.516306317584423,37.09859948804969,309,0
6301,72.85224555193571,47.39707057910833,290,0
3306,72.31061166471392,52.51754894527063,323,0
1037,21.75483698207355,67.44131684816531,134,0
6486,69.54900503388576,62.557379244083705,207,0
2341,27.732192048406713,61.04642837392156,283,0
9216,40.10713125554851,47.61874733048272,266,0
7471,64.61049537749646,72.072377654238,73,0
6125,29.645593762898493,53.56435836990823,352,0
3450,69.07802144714373,78.95524690075773,48,1
8492,69.92805067746451,61.70710691478684,326,0
5280,50.44806402565017,36.313237078225136,233,0
2868,20.383152303010014,63.8088781037717,100,0
7155,37.22228799049476,46.25520077158495,59,0
8673,57.01561510254453,64.31635983430488,258,1
4995,78.87117068164541,33.48205740812028,65,0
9663,57.908811621000105,38.744071858797966,83,1
6502,35.588214863849586,72.78686294528931,154,1
7114,58.040342185976684,41.358977851175744,266,1
9858,52.39912278295133,71.852056262147,309,0
6419,66.79072370906862,43.96380442272052,79,0
1353,26.418838329617504,62.144095502935386,315,0
4646,65.66167415012168,64.70752867549155,150,0
4269,52.47599472056662,55.63273765725265,48,0
1074,77.77952023153968,45.26553383483656,248,0
1648,40.51232996232116,40.632218818554804,278,0
6793,57.95731358803689,31.65946772812131,356,0
6957,75.92168633060105,45.19732006203619,98,0
8009,26.150583679440757,62.65813952656415,25,0
5277,76.23370923418707,76.91524092242413,284,0
4354,61.273143338048804,73.5602241131526,301,0
2991,24.070223546310316,68.30323882676512,68,0
3624,38.057814016808976,69.42236716266493,7,0
6191,62.4903253187169,63.249245173799764,305,0
3551,24.0410360881263,43.01434287830015,137,1
504,54.930227610576395,75.3597515352915,164,0
5722,40.752983417177404,63.5366155952917,83,0
5815,57.25493106604863,58.022031549021996,138,0
5369,22.744522028750772,35.54947346067405,73,0
1376,72.29220836914257,52.35277719032127,237,0
9683,78.4093381506438,53.01791356009632,46,0
7527,78.13267131714149,73.2281804761335,106,0
4642,64.97910990457548,57.332411009389425,288,0
7466,27.805174407837917,49.02002744852048,262,0
7579,65.49579175574135,78.84001642553297,176,0
8487,21.47521498752809,35.536029666315784,166,1
7299,21.327413091739835,51.127421415597226,145,1
4965,39.41661314897247,32.10123375857027,330,0
1135,49.318591424279944,66.99520603834651,283,0
2193,66.22444506846759,75.90382760995753,54,0
5252,60.99772259639031,44.00186647752447,178,0
8811,46.7541623826049,72.91708383995604,244,0
1330,36.41759997689995,44.610911523094885,341,1
5677,79.82747000946267,75.53850808219576,127,0
9432,45.57087813415838,67.6980951798392,271,0
8808,47.08322145978053,70.24533884207193,132,0
6449,29.817429271500153,30.900327780022725,93,1
3338,67.68857292499575,78.1405178537013,73,0
1650,61.62093354688932,66.33354960351616,248,0
8060,33.24617676732562,45.23755476930667,348,0
2431,24.942862736950563,71.46973324294234,273,0
9704,60.829958124482786,44.0760599207465,43,0
2164,59.27067285686812,73.6376919783064,41,1
1581,36.395571619892564,35.62901952059685,170,0
1012,77.05181373502462,65.18429887303978,212,0
8305,29.063473506854013,57.03492383224552,168,0
5737,45.940088062556114,34.82672350977204,39,0
1059,76.61695521005593,42.09469141294195,245,0
4172,45.18363901556734,30.62020181386574,151,0
7904,58.31155685984513,53.43839827322529,111,0
3843,43.855663877767654,45.06326303800002,47,0
4570,36.452912140920205,59.917874214887945,63,0
1080,79.0386588775897,44.86189038543086,225,0
7504,44.560040378902585,44.995955575349235,69,1
8630,73.64595222074806,67.15965993658017,299,0
3647,33.79727635346517,32.40714179891767,290,0
4749,32.786282241505,75.14474975959936,296,0
2179,21.86804497307068,72.61319371955906,203,0
4006,59.1000095225531,63.39023416132033,61,0
7753,42.11158062342567,59.66107850536922,318,0
3244,71.86149499037822,74.61512490698262,314,0
9935,48.392594401493426,39.26650897643572,161,0
5688,78.09160567488331,33.948458109541434,331,0
2641,31.13153094218727,41.9755084954769,16,0
7117,72.11739007733664,69.72891393500952,338,1
2979,66.59581116750451,31.733513336324165,94,0
6984,66.25531067864313,59.140341754174486,304,0
7921,70.68699368701326,79.7718758095655,138,1
4952,65.66143945657993,72.78480469187697,338,1
6381,57.573219297884926,56.072284452179474,38,0
7165,27.874692660943253,33.18204546433212,127,0
3349,21.951570769475115,71.5686757192855,275,0
7890,75.2508708689412,59.94892540886053,164,0
7405,56.99901887124428,35.746649852978344,319,0
2989,67.79223745857058,34.69286424116781,77,0
9707,48.891341090753,75.48134097182961,174,0
5111,27.038491337743668,63.46001314690392,358,0
3339,27.511147532153025,71.46433996583778,321,0
9027,61.13391723373828,73.94894501411336,91,0
6378,45.818353693967765,58.58861760241611,238,0
9587,32.0314836020202,55.872317587752065,264,0
6803,49.49567280448621,51.52137051604951,179,0
1351,23.852536224508047,45.847329389555966,209,1
2187,54.91828411486393,51.729798042935585,73,0
7333,36.13960426610586,68.69398278650782,107,0
2927,67.85354603823129,60.09617155075658,345,0
4500,38.621717535414426,74.62616449774231,295,0
5552,47.31320894490807,52.16900071895938,284,1
3238,20.697232394486036,60.3544789359377,353,0
6232,24.346813267673532,61.56537765459944,182,0
5887,43.549613384401084,59.58485811531628,37,0
8502,48.796330083027414,65.13168865427582,137,0
6036,56.001232887158224,41.871673418740315,338,0
4413,37.499754722558194,55.61818887728953,56,0
1566,61.69891316759255,35.21124014041738,187,0
8223,71.60734383135227,49.22556638224063,341,0
4880,66.791059333601,54.38335343106322,258,0
4607,22.377129520901427,62.611212977273624,58,1
6226,48.830416835469734,77.52655262931017,363,0
3873,26.295810705090492,60.032553327417794,123,0
9445,34.522700951751645,67.17969580882799,188,0
2582,79.19975559602878,55.313302974760134,230,1
9467,28.549732574090793,61.70520156881656,168,0
7248,49.933289207081366,33.54661080668867,114,0
917,57.089344059087146,42.71957904209235,252,0
8806,62.147898232646234,48.09265466025693,107,0
9308,53.578921009214845,53.62466775032568,37,0
4474,20.58625084515102,32.282437275119186,335,0
3767,39.58767849463951,37.001204877665884,92,0
1325,51.06269860308269,43.84071538956529,18,0
8168,25.27198994869,78.57663454505254,354,0
6245,41.037615872550845,46.56735035515254,63,0
912,21.992186527481994,54.102052905604125,150,0
8043,24.714709829301245,39.80488563691965,139,0
8087,43.815396572095764,60.53900355378841,186,0
1228,27.962945242583622,44.03416077579872,185,0
7664,54.05245089569349,40.34962892192134,205,0
9367,61.367898148235945,55.828631422298955,260,0
6488,68.03520194654497,30.27528995802104,214,0
3004,32.009014654688606,30.383201632461265,256,0
3467,30.048954935544185,40.95344045509289,135,0
3286,26.274070420064014,31.836068125041056,61,0
1622,58.1858149726182,35.40128770653457,363,0
4579,62.388543589214066,46.94303246693758,310,0
2071,21.895168689538522,70.12928397899064,88,0
5573,76.17273477462139,58.60243216846504,324,0
5604,23.118277019088346,55.63338629782082,207,0
2643,52.47778011806423,44.67444116040608,129,0
7306,62.54363116705498,76.58768597164081,311,1
7857,72.25814742476513,49.85075206185958,3,1
3940,62.84521592794567,34.35463833978857,242,0
4266,68.10368498418751,60.853325805890066,121,0
6144,40.367011552568364,35.69191967383007,102,0
3414,68.88950682479074,47.261157140084606,38,0
5468,24.806890783080508,55.37059693589045,341,0
6417,73.68899936363167,73.71112623425878,133,0
9287,52.85554256922418,54.67732901700593,202,0
1228,69.03786619774962,65.11293830158321,348,0
1865,47.13909707109801,79.64084194995351,21,0
4992,58.6146617117915,36.57445599489908,242,0
1198,51.58415965616679,43.73657627597598,109,0
7686,63.89537130531991,49.72880377988232,303,0
895,24.897798921835374,51.09140892694157,84,0
7900,23.621125039433828,50.55105376327729,83,0
8582,34.82619404060878,75.38055012782775,291,0
4671,29.5726808067913,65.70163222334281,69,1
4860,72.3070139955321,60.39526070453519,129,0
3002,33.15283924148266,45.46863589313911,196,1
1217,78.55191534914788,71.18951921106473,140,1
3282,40.213747506266415,77.75302557424945,283,0
5446,30.927074941321955,71.05991412751132,312,0
5986,67.38191042854875,30.078255259573645,234,0
8835,59.52246653005257,61.820068509170355,23,1
5480,49.89174298718834,32.556769072105034,153,0
7766,53.321813056257874,42.880361016686095,277,0
4991,63.15210669633583,32.97623501738858,61,0
7692,33.70728447987793,60.18977264746938,319,0
6088,79.78003496340452,64.32949567463034,52,0
8151,78.487589728807,35.72438190329525,344,0
4136,59.01954118081621,49.19194415224898,153,0
1667,31.972547055748706,52.811825447777096,237,1
1562,60.81369454587748,48.452651088045826,311,0
2656,24.33190453875055,36.05125002425965,302,1
8360,21.839150132348365,50.94738950937377,32,0
5661,35.46097331067282,67.55890239042091,55,0
5805,47.75737740435898,33.550383226662774,352,0
7041,72.09635032450282,34.00900070409517,36,0
5229,63.63014418597848,47.73856459179921,110,0
9848,64.56239127199886,77.08628558094625,177,0
7830,45.52960006688452,63.428632336145704,362,0
5834,40.75609955281777,63.93349783362824,314,1
9424,42.262325779076164,48.09599954189325,295,1
4830,79.25897382416346,59.68303956042692,336,0
8510,22.40655148474895,30.50655920138717,97,0
7301,72.02188976734692,61.80480232047711,213,0
5346,54.7205245143436,75.66434737881184,317,0
7231,46.31692515137543,60.62867341724096,137,1
7741,63.51545962490819,73.68492967331724,6,0
1453,49.200136485482176,66.19865277330469,109,0
3039,72.40539428489964,36.02792082018451,35,1
7556,74.04211184067552,75.12266536429209,39,0
2042,45.30325561240733,33.322192217788746,150,0
5793,36.60966783410309,56.69837362738819,118,0
1691,55.541019715601735,37.10685618967288,261,0
6813,74.74180073700145,30.585330536545204,87,0
7438,32.63973134033999,51.10171300638195,76,0
3181,57.37799501380897,44.75203538270781,313,0
9909,57.89361320555123,54.300024689880146,214,0
2040,63.98678134491686,58.85999433672754,285,0
6672,27.894061107635586,32.186953615447365,239,0
6041,62.949497880925314,36.15016475618728,165,0
1865,74.54195123993847,57.93211982252127,87,0
9191,30.78098653221452,47.15836765863291,141,0
9202,34.25259949543266,66.45867437747239,160,0
7994,78.28370564249838,62.614582429596986,46,0
4812,30.858617162569388,72.28021814949534,112,0
1824,71.26310560217475,64.62464133346126,45,0
9847,49.53667138688209,51.49655386950741,247,0
3641,34.833864464190626,63.64833111972162,104,0
7919,72.24499407635068,43.76905871277093,85,0
3986,46.71831530015993,45.31567493891063,134,0
2310,50.88904123578141,69.44925799603966,108,0
7088,41.55400216398594,52.32097582007911,18,0
3423,55.57705108609564,69.91901702591763,94,0
5801,29.811432355101367,71.12111868341393,150,0
4686,43.46489219910564,72.8781168830642,246,1
9405,78.16473934011725,75.83176179206036,289,0
6477,35.48800596206765,51.54926102566481,209,0
4768,59.404199872477534,45.94334091605694,126,0
5248,39.511403853481696,59.109937329705694,235,0
5349,66.40838754119605,48.55862117188138,122,0
9935,27.85241964310099,60.05370834001165,138,0
4209,78.18926270471269,65.27929313219123,115,0
9773,47.22737248301836,64.42025092460685,162,0
7119,34.16302780078784,48.72764435100606,201,0
9147,24.40980483980076,38.34301008493764,234,0
9586,30.185474305252445,51.52646692311038,28,0
3572,51.186436913361064,37.12970720409544,11,0
7030,40.22019058587718,74.50485175919042,206,1
1004,69.73300195295657,47.29387303689287,167,0
1714,45.85325141970836,37.72298736116619,247,1
2031,34.92285635525779,31.272387995287545,47,0
8076,57.0286991962418,62.29111931432421,246,0
1323,62.40663301312675,61.84511587273716,127,0
1428,30.02251447405699,47.03020832906458,147,0
5529,30.05715297729906,33.58559444238255,118,0
633,22.20028561601258,50.4814447447616,152,0
2605,64.18412090393844,45.56087475316968,72,0
4127,59.828271657308306,63.856031986750466,363,1
6816,48.477852544988835,60.288962472634516,137,0
2352,70.65022693815183,48.229686409877004,175,0
5410,68.34020917700319,40.894627712749504,289,0
4675,55.12126186380513,79.40179830777959,19,0
5848,72.09627683079552,52.70008105980574,195,0
9942,32.350472602206096,64.41371178901186,330,0
6690,26.71517716386367,37.02764837891804,175,1
1756,36.18497669101937,54.27948498296989,354,0
3876,23.42521136535889,31.376835993473275,141,0
6145,51.87017168006192,55.272755895522494,246,0
3986,76.19634153769769,78.20087035588512,93,1
4084,22.36061244011058,49.210335649290016,239,0
8553,27.326594840601608,31.949800628745578,205,0
3830,47.13194169700611,31.547789545967177,48,0
3203,76.0325010516743,49.39933799734347,245,0
9162,38.96936629860503,38.001246823159704,320,0
8620,50.43408852130355,31.167604816409295,317,0
7614,22.494371543023526,67.81068069750884,295,0
1853,28.900592057725333,52.92615044409453,128,0
5563,79.19780737753081,44.46223859863272,344,0
9049,77.90712178616273,75.00415915082404,282,0
8075,20.296398856064577,35.80694801002628,17,0
1167,77.10870712539435,77.79594144776595,71,0
4968,58.34719626893002,45.698335868867645,269,0
9837,72.07509767120132,74.42018361543407,325,0
7319,47.28439133803155,60.14714382397308,282,0
4219,50.93576171475502,71.33536798707436,305,0
3245,49.33079481541521,79.2006581605232,7,1
7983,60.01185545276626,44.420271890937286,314,0
1039,28.379075285378775,78.05677427037965,305,0
5464,21.798415392360678,49.47409474512102,103,0
5335,38.47579649547146,49.275595236846115,309,0
4275,62.2808457641988,47.01935521272529,193,0
6542,32.1112071273769,57.07038036737926,241,0
7602,60.40594599949504,37.707252158924355,62,0
7812,78.19472276643623,57.68557426790056,17,0
5820,25.634042947365103,57.0852406205002,171,0
6632,60.356127093507574,68.0950906302435,25,0
8391,46.62501315827427,71.68249809687927,251,0
3279,72.08853526265032,52.0220675156212,253,0
1424,30.628987366843155,45.116662467574685,207,1
2081,61.55755713356987,42.96674486585472,29,1
8214,70.28691737888661,39.73119183524359,117,0
3824,76.6768531684414,32.882379109951245,282,0
6213,60.99488169737875,47.12239894173567,144,0
7526,49.83048584050564,43.512384606539165,25,0
755,57.07083441207283,78.32086929332037,310,0
5304,72.1342990687231,57.885441312502195,156,0
2338,54.23658479832978,47.363851951525376,73,0
509,21.82322358181021,59.0233800496848,120,0
3371,75.85692173041866,36.95983506728477,312,0
9489,61.37160506189367,52.202187460110146,321,0
7909,60.59080314663479,61.31171607105319,93,0
7918,32.94050914386303,54.44489158962257,86,0
5624,59.53312821395943,50.08894003271621,336,1
1515,43.63186433924951,79.6924194449849,364,0
2693,59.07397862248953,74.01573810744635,118,0
8915,26.395581818479442,61.17029790797201,233,1
7949,59.47071827618216,58.46886805911414,199,1
4658,79.96482354623998,61.0330239912292,206,0
4425,22.89272233163336,40.065605391121665,339,0
7470,78.63045105327905,49.75688716321593,147,0
7438,44.41447764337224,31.972976644544964,271,0
5284,72.24520702023554,53.77730187434133,139,0
4500,66.94312904349641,57.151229197883154,181,0
2133,54.02097565920007,41.38748680516048,30,0
7766,64.30695255507959,78.20144235827568,57,0
9202,72.71093367808086,75.4727305468621,232,0
884,44.24841929906198,66.1071617727953,146,0
904,39.62198969379432,56.66933143826813,48,0
8675,60.05560313381508,73.49845798238425,194,0
2500,68.47075651647552,36.532617191173145,224,0
6489,65.73710808659695,69.52548971374425,136,0
1960,67.86881893151806,36.24104069834242,22,0
7690,46.13499888877598,69.71053312747027,6,1
7640,69.0700529705013,43.78837841256785,204,0
4136,27.212543322236506,73.85452905090945,239,0
5309,52.669345877650976,77.2021046912699,185,0
4678,20.345519629887296,37.43979847025578,360,0
7745,39.47514979401622,53.13378025326968,292,0
7100,41.98769209228387,79.04936890813426,335,0
6497,43.770361496555324,54.17037179865733,220,0
2548,61.72803240139173,73.17737612572725,116,0
5280,43.31348607622074,59.436576106565994,313,0
1216,46.921617357351835,48.766495395980094,49,0
8439,34.252647852459646,44.28917777629351,173,0
6065,42.39510749776041,40.16115455430436,82,1
5044,33.63617763578909,68.08990956888486,322,0
5476,24.39175542610662,49.3270253411514,333,0
3919,56.206915602882674,55.56377311003756,45,0
7739,60.092767913300975,54.61627400005909,335,0
749,57.16942076057687,58.86395146165656,20,0
9365,47.80964262803434,73.2788572812276,221,0
1270,42.78714681075379,79.03696717917147,123,0
4863,71.80001897430952,50.37921042869085,234,0
1577,51.144907108173086,71.37594610531515,221,0
8927,48.75091265778386,68.22638973273588,323,0
9080,21.538523948386143,58.67644757277866,339,0
8401,40.474869657569386,77.80235718059666,3,0
5358,42.811737127151424,40.023725776420136,182,0
7044,43.92936685381403,35.46321051548107,206,0
5219,54.81034215363994,72.69809834777111,320,0
3314,52.016152803612705,51.957490831687416,40,0
3874,56.47430556760668,72.34844271035303,59,0
1752,65.8929956925277,74.65451025977075,62,0
7496,68.7791443229656,33.122879680953574,132,1
5173,63.08738457358967,74.17323814930303,60,0
5030,77.33142175729608,52.41595276847111,331,0
7381,21.093954960581698,55.52162445021161,122,0
7449,31.746679141012766,61.32962555466051,107,0
6741,20.453772498688526,76.31913033650434,96,0
8517,58.84848284927618,30.955804721488203,347,0
7441,73.88183293699922,53.842173415890855,235,0
7502,34.608937794577955,64.38610212152804,62,0
1831,75.6220726877784,66.13534788491143,256,0
4761,23.61604341737365,64.6266215768554,49,0
8148,76.06616160833086,36.72175647040609,348,1
5615,41.09736123437806,44.96977941858406,159,0
5137,26.085249706952993,47.935776270850674,124,0
5354,49.15230555117954,70.22186038397524,317,0
3677,35.40659406323048,43.93799362072765,207,0
8230,37.092374117715366,40.53524819336016,48,0
2680,38.43739789557719,77.87240095190481,136,0
5392,68.1815538699598,30.443164255673445,201,0
7543,52.34967660051527,79.89104278409891,250,0
637,38.67846194936022,63.84106494286978,314,0
6827,56.6200269986551,71.42346497245586,357,0
3972,62.969040453391614,44.730969817309656,318,0
5949,36.35744004401202,30.715763883353,295,1
3332,44.81294609152109,66.8934759280765,314,0
4079,27.313165600216855,71.7072298500338,209,0
6471,30.86896097208082,67.02380659767596,355,0
4664,60.86707123789897,37.14251436504193,211,1
8441,30.886300861737617,67.67139611284846,192,0
6069,51.50980302002361,68.44613910538206,44,0
4800,62.54277570334596,62.92702578350274,29,0
6769,26.41261538568463,68.30579663977932,59,0
4318,54.038733177734215,72.2960719838866,71,0
2406,35.393767022081825,60.68020571187292,92,0
6754,77.77561251425479,34.430235698483955,265,1
1260,49.01273880319548,54.38139048336055,220,0
8330,68.35955298650948,33.88246673358025,215,0
7850,53.01359252937571,50.37715155162154,277,0
6738,22.60475197128915,50.35532445628138,64,0
6590,57.989082535641344,33.30049220701208,346,1
6531,77.08420053239942,47.44102669847396,292,0
8187,56.09670920877987,35.54990493956574,245,0
9591,69.15133156560742,70.4117605004611,62,0
8972,73.05238780090447,77.38440129822354,332,0
2387,33.68478631693595,33.61582376289693,170,0
3766,32.7226903944936,77.75576036458507,269,0
1166,56.6588593310595,56.12882996683726,267,0
4688,44.66170818840229,44.97828389769369,54,1
1171,70.39167817200322,33.84310376380817,16,0
7277,74.00138740388067,55.031213403520894,8,1
8070,41.20528275816309,69.72577722453744,104,0
8456,34.21223353846892,65.35432386333491,59,0
5624,66.83153091463171,32.51130057319869,313,0
6085,36.48836213288817,33.645091768395176,40,0
5277,69.3568591108207,50.14366413163185,237,0
4400,45.42429521892577,44.76452470239717,94,0
7177,60.052993957488226,41.619216152802395,222,0
7481,25.73211883008009,44.05022494543568,204,0
6876,57.43155948059438,70.17413716484424,138,0
1023,47.10606072423374,76.46140268159269,300,0
2893,55.19650779052844,50.25513472637832,207,0
3093,30.080852464691805,75.30555010662485,336,0
7740,64.21242469665093,46.0747850623941,81,0
7437,71.7678246525937,53.82184931718958,218,0
6690,33.00438800544654,41.30144989079999,2,1
5740,25.742873331209704,62.0238021087922,178,0
6993,21.418315162780182,78.94905575874044,346,0
3378,58.51829002659596,60.17465480216893,279,0
4643,56.42564216532685,47.890704205677444,146,0
4144,52.8018447628442,62.39087229952642,318,0
4932,33.916825766958524,36.14603392326938,224,0
1776,43.45435975433088,74.43295401326993,62,1
6311,55.668580111170385,55.154197538991816,294,0
802,49.80601153155016,52.4674871019821,239,0
1138,79.26713121289325,59.29323942267596,195,0
555,28.18638515340399,61.239193139470125,166,0
9217,61.708673242855625,33.58879031132565,222,0
8650,44.259126086257524,64.13086106117012,61,0
2625,45.69197689553688,42.09658401577648,129,0
864,63.05586593949057,65.69763162532949,173,1
7309,61.54616907946218,71.12673971920984,156,0
5121,79.4753596221313,70.197925377626,110,0
5626,27.703657367247516,57.62504837039445,269,0
5622,26.24657896304998,56.00849461553756,356,0
2146,63.46032902772447,37.14379806697059,278,0
1418,54.70321502038455,68.76730752015678,74,0
3297,36.44963999358835,43.570469022335715,207,0
7006,24.765162139339196,54.83477114089733,279,0
6370,25.13949497578583,44.21370464637583,326,0
2031,73.6514524798471,36.691418149984656,340,1
8672,31.512039483124575,61.477884844586825,357,0
3845,39.40229372693125,32.71660174114519,340,1
8173,33.59938413361928,67.43226170631,204,1
7449,41.29977834991624,45.87933976305583,161,0
7382,24.1654305647656,30.006734650224267,28,0
2406,51.14358745449622,55.556456961861485,257,0
3586,24.056753815532893,32.34259542638016,165,0
8652,68.0213904693417,43.80847789104497,63,0
6250,34.02272491462598,65.3488243727858,22,0
9405,52.400714876270634,33.13448108109329,70,1
1562,72.80474525368749,71.96692461780012,96,0
2476,59.05264214283165,30.190996132929154,163,0
1796,51.977467193080116,42.34119346009511,79,0
6729,39.460025186922536,67.04520280760357,5,1
8141,39.98011478349187,45.81350748646534,316,0
625,60.16921731189141,35.094619403300676,120,1
5132,79.64836167327005,48.0116959400214,302,0
6788,59.710351390962714,43.51966431922628,178,0
4096,53.46700504220149,72.13559510802774,176,0
6668,63.83903061435477,45.66739587925716,217,0
8061,47.91233673702309,69.44662358880036,56,0
8758,23.608540556047114,74.59360724053673,187,0
732,53.73780895267459,51.69087097882648,232,0
9861,77.45751707032281,75.4971571927196,255,0
6871,30.518176541459578,48.865902698159644,104,0
4706,61.400293449239946,78.20392082450542,77,1
8443,32.05602131954339,34.46447622627865,230,0
7391,52.14966106838487,64.35096332516213,258,0
7238,25.800586978803178,54.69070202284644,264,0
2972,47.02225617549111,49.382440272782354,331,0
3239,65.36979973371476,61.635593937430045,182,0
5901,40.85429145433892,65.19285458171656,256,0
2261,59.89470346923308,30.218163482515454,38,0
1376,67.72699764738375,38.347654437359935,176,0
4312,75.63066916876716,65.65230253171593,27,0
1960,34.078524911327214,63.31927067891032,276,0
2233,43.958954948558485,78.30237525643386,140,0
2105,29.144960799825046,68.05188951253915,299,0
6122,79.5490101295025,77.53863538656691,287,0
7267,75.62005807545772,65.12702507674035,91,0
7486,52.39742781683358,44.90261043197216,61,0
4017,70.52199766258528,35.268246112542826,347,1
4235,51.25747863632253,69.09119316724679,163,0
9852,57.415141280165585,62.2074610737958,351,0
8934,25.347465926960997,32.40930061966481,143,0
3090,65.31622522980848,48.00252329504892,253,0
1563,27.66280901811409,77.8399907742143,269,0
4824,69.5640578151517,55.02005728551006,291,0
9611,66.92168526022316,51.63645680098523,187,0
5842,62.52468186457859,52.8849802579647,304,0
505,22.169622831485725,40.444136200258185,291,0
7989,38.187701356719714,48.43535854323976,86,0
9159,35.78675419465057,48.49066279935883,166,0
8695,41.60818444829114,32.61775100937362,114,0
6466,25.25856480583031,68.37838142589591,356,0
9337,76.21746938186376,50.82522159519395,183,0
617,53.22813444274258,71.10899434082117,207,0
3051,38.33145863948141,72.51740005599477,256,0
6060,43.818891024457,40.599702734932904,235,0
4789,46.83215243029014,62.86767410850643,355,0
1346,56.03566000163704,53.614090208149086,3,0
6816,50.94076566178987,74.00783689607425,208,0
6969,75.16351839286504,40.787033958822704,197,0
9833,49.817808974349816,63.89066001550221,341,0
9415,79.52948088939877,60.38760611263613,125,0
724,71.08549746470575,44.765073878591636,138,0
4708,32.51063086144015,36.83004518255863,339,0
6783,75.83571287863498,62.58198802386383,25,0
2548,26.981983873128566,66.92987290661654,68,0
6733,69.04698250947149,45.7813671881675,61,0
2328,42.837397608594806,62.24163020111569,29,0
2417,72.67845922670418,49.75654538057516,19,0
4734,72.08340140644702,65.66034416413089,171,1
7488,68.35552400705727,39.96076374470265,74,0
2526,67.40182617842368,74.51075013180872,61,1
4244,38.280748345882444,44.370479823278984,153,0
9593,24.85515698307513,48.38929938780765,276,0
509,44.178810725909685,32.90459760401749,48,0
760,30.41147089919052,35.57561061606382,211,0
6538,61.6970653341477,55.793095135616404,343,0
2719,40.76598359226713,43.379633836398575,139,0
7541,78.53661205159489,71.77401128710972,110,0
2560,58.45832464071992,30.734669432747694,183,1
5787,69.34883381806165,48.95470243359681,28,0
2119,27.951480364510907,46.867277338454635,197,0
9012,71.72086893635736,30.96638154588005,191,0
1842,75.36543143080365,36.21841995002551,315,0
3332,49.22371512913615,50.682133745931765,51,0
3324,56.37517626505865,54.64322922237233,149,0
2494,65.88858805417973,50.214487362743455,268,0
3990,30.490317635624752,56.54688392060469,50,0
9810,50.15396458780654,59.756583745284075,246,0
8484,43.919781666338785,30.49619105639178,113,1
2104,28.782439529734948,53.204757972675196,170,0
735,42.05206533749188,78.17496204437941,166,1
2408,24.090338563129613,55.951614006477435,14,0
9067,21.54871441696922,63.87711337294766,203,0
4030,28.109977349289366,45.59319289584416,288,0
5756,77.78690669535044,68.69956890763812,189,0
3135,52.97177215370102,68.64607409380575,155,0
8662,77.94932966919319,56.064802382706944,55,0
3060,45.94987269980792,78.80069116396068,182,0
5915,38.70896798511558,36.27751073813267,210,0
3891,50.36851177041464,30.84738324447905,75,0
6451,46.37070131797461,68.50791058785481,277,0
5968,26.339881055704634,70.35777686824413,133,0
8507,58.44957888141237,36.01036145602881,343,0
9564,32.96229095057598,43.2791416479303,59,0
9944,57.175277293869776,30.877618168331445,345,0
6913,59.0120655438892,44.665430539028236,182,1
7441,29.12149118771889,68.65709369593358,339,0
5320,23.68097762664009,55.898026385628945,321,0
3398,66.84569516410639,47.404779658414405,64,0
8046,47.588025426159206,48.586964745316514,327,0
577,23.489827730328546,30.067681285773407,260,0
8077,79.69197903018602,44.990026378261796,193,0
4727,23.466833659781997,62.32293708189653,143,0
1100,61.702113731513194,78.70972219081786,104,0
1565,79.02073551580482,72.35304134919497,214,0
2636,34.350806252955536,31.179748232276456,242,0
7443,28.53496212123177,74.92803023374196,209,0
8304,27.283096365345735,69.15992066493129,93,1
7065,38.196508854055736,69.01880617854903,142,0
6484,26.062748660638803,52.89978795017858,112,0
5642,61.52968050164792,49.90026464772514,59,0
5170,23.737507887803762,45.14578644165963,43,0
2690,50.56532768898738,33.284742947718286,207,1
9684,79.8018112311786,41.41176817468495,268,0
3212,68.83821617036114,42.33018174890123,296,1
2692,56.913166293860655,54.20385348551008,118,0
1748,38.3752172471967,67.3722203298347,20,0
4533,57.43375017749831,53.69049141989733,222,0
2497,51.6224878346991,32.89222247235803,166,0
4187,45.565003033422286,77.8894900494102,131,1
4518,27.842622604411968,77.13621595470562,156,0
2470,73.196252914428,69.25947715742042,184,0
8889,46.98707892927935,79.56639507821103,90,0
6265,31.677350709245903,57.22411664001315,94,0
1702,42.06556105263738,78.13841751266031,13,0
8635,44.84778515173562,33.78025203083754,322,0
6067,69.65227373401245,48.28403741306857,293,0
8167,64.01686283368412,41.26906340033829,230,0
6242,66.15829361848039,39.7916542067135,322,1
6288,20.661875865718834,37.0401474446338,292,0
5908,44.96923989078569,61.120682078299836,26,0
9169,48.88064909811942,69.06609278736525,75,0
9946,21.151536609383403,58.91491997101804,364,0
1422,35.58879252470206,37.34813547941049,299,0
919,65.6173893873281,70.55618849667354,150,0
2704,28.226582343739942,61.79773535818643,148,0
1620,52.1186078871555,49.408285306349775,8,1
1450,32.91211232103425,63.70651477680315,29,0
2836,20.727246478633596,42.995248962141645,296,0
5873,34.472087455972485,47.25961042471053,209,0
2743,78.55242529460322,75.87429215659951,128,0
3145,68.09222671297937,44.52522528357102,340,0
5112,77.574598659262,53.49941340789683,116,1
2365,49.27124263558174,74.50705686980073,144,1
6528,26.58417192065021,65.38606751337637,318,1
7826,52.87756933842158,33.110161308235135,235,1
6871,47.26264007359765,37.36515221394852,7,0
6859,70.66142496437695,30.39207953859584,45,0
8363,25.884954847054676,61.54608951145817,239,0
3728,49.29446822130669,52.38367127052092,155,0
4219,29.002919881639055,36.713742545113774,181,0
2871,39.480555613403595,77.89670605283852,215,0
3391,64.24142464326798,56.482986197280994,88,0
4256,48.56108776212599,42.09466470564446,256,0
4725,42.553297108746165,55.03017855773538,73,0
594,43.66857671420212,63.98101663675539,179,0
3174,47.5668061043592,33.81196089867822,212,0
7398,67.10099263022342,43.7351907523946,293,0
1293,73.52508133641406,70.34827454419968,234,0
2616,77.3200811902357,52.98324352013306,239,0
6279,67.2142031753177,57.328857101614744,223,0
6666,38.924413744880766,51.640800110473464,119,0
1314,61.28808236519253,32.194997132150256,313,0
845,46.25618744332351,38.2874889910078,264,0
9054,35.28023732276307,52.27708193709454,207,0
2943,70.45229476555537,40.459273270396395,95,0
8283,22.3055809377395,32.49895143298394,222,0
1484,74.1057195281254,72.18248320259119,276,0
8290,47.68864787748405,79.0596264582058,231,0
1327,58.232088608496824,69.65714369983698,309,0
4031,59.56123533234696,72.68924608523335,119,0
7647,73.70706444239218,42.09885651585227,268,0
4951,58.20018093003244,78.03134877565998,273,0
4376,56.836015085603705,39.84628522267142,64,0
6459,23.999122433641396,77.57149051809162,298,0
626,51.104481316712246,79.74096469829755,350,0
3677,29.0101400490225,65.58614028730244,11,0
9295,64.24602612328914,79.0571865895911,98,0
6524,50.73331524876047,58.47698897835518,71,0
5609,60.8136667525012,42.97708915880452,364,0
4646,22.500374036143057,51.84979428328104,58,0
7696,25.087520962748194,59.678046768939296,290,0
3868,62.97940328376094,33.65407810135075,251,0
4297,24.3250601599204,61.1171632308623,276,1
2292,24.275403665915515,79.05889183811473,50,0
6232,20.726508514093247,39.50538248918638,358,0
3976,77.39008389796881,69.62975581441916,216,0
3917,64.25050156754043,75.39493968898097,52,0
2145,41.19508451012385,77.18507964101104,271,0
9897,37.792134877259315,78.00678022027236,84,0
3530,40.982193784750976,56.072981936073596,293,0
3372,66.47921187087091,78.86539539957519,126,1
3572,59.68223666422487,67.86551035672194,296,0
2354,31.111734072048076,38.083571811848095,72,0
4521,30.44656012004506,53.845005323398496,296,1
5162,25.903738982803837,65.9165587686002,236,0
7014,59.61816318208029,42.36701579095417,56,1
5531,65.86235973330416,62.03075917744437,360,0
3208,35.90278569950024,63.33002395233096,110,0
7612,21.25669766185477,38.13498719042829,192,0
8893,24.930300048585643,58.25426562263782,93,0
4007,78.07160209070183,68.58134554893039,350,1
6956,37.72668664864521,54.9447832267971,56,0
4712,66.15338887028801,30.60515583880537,60,0
8470,57.47981413125583,30.45192345396461,138,0
9266,42.91637837917375,47.85146719850061,39,0
1036,32.341235731733306,76.30970342158909,28,0
2125,27.283185089564384,41.43383898018044,49,0
8473,56.900778082331996,61.718184443584356,125,0
9077,66.47802683826728,41.103793534666025,13,0
8570,58.63425521246784,46.08349948297743,36,0
9166,51.8181279949495,72.4021044800742,101,0
9109,22.517073405898177,66.44307211349735,282,0
6990,78.10932665566303,34.76996386566053,86,0
4100,67.92285149927447,51.43510104932168,4,0
7283,37.56932220205788,31.458488182263224,223,0
9646,78.79821976153104,54.04450733015045,338,0
